-- phpMyAdmin SQL Dump
-- version 5.2.1
-- https://www.phpmyadmin.net/
--
-- Host: 127.0.0.1
-- Generation Time: Jan 08, 2026 at 03:42 PM
-- Server version: 10.4.32-MariaDB
-- PHP Version: 8.2.12

SET SQL_MODE = "NO_AUTO_VALUE_ON_ZERO";
START TRANSACTION;
SET time_zone = "+00:00";


/*!40101 SET @OLD_CHARACTER_SET_CLIENT=@@CHARACTER_SET_CLIENT */;
/*!40101 SET @OLD_CHARACTER_SET_RESULTS=@@CHARACTER_SET_RESULTS */;
/*!40101 SET @OLD_COLLATION_CONNECTION=@@COLLATION_CONNECTION */;
/*!40101 SET NAMES utf8mb4 */;

--
-- Database: `project_ecommerce`
--

-- --------------------------------------------------------

--
-- Table structure for table `orders`
--

CREATE TABLE `orders` (
  `Or_id` int(11) NOT NULL,
  `OD_id` int(11) NOT NULL,
  `Total_price` int(11) DEFAULT NULL,
  `Or_date` varchar(255) NOT NULL DEFAULT current_timestamp()
) ENGINE=InnoDB DEFAULT CHARSET=utf8mb4 COLLATE=utf8mb4_general_ci;

--
-- Dumping data for table `orders`
--

INSERT INTO `orders` (`Or_id`, `OD_id`, `Total_price`, `Or_date`) VALUES
(58, 0, 297, '2025-01-28 22:26:19'),
(60, 3, 2257, '2025-01-28 23:26:03'),
(61, 4, 637, '2025-01-28 23:28:35'),
(62, 5, 625, '2025-01-28 23:37:05'),
(63, 6, 1005, '2025-01-28 23:49:36'),
(64, 7, 285, '2025-01-28 23:53:03'),
(65, 8, 180, '2025-01-28 23:55:22'),
(66, 9, 160, '2025-01-28 23:58:36'),
(67, 60, 285, '2025-01-29 00:00:29'),
(68, 62, 9400, '2025-01-29 23:18:01'),
(69, 65, 4200, '2025-01-30 18:06:37'),
(70, 66, 450, '2025-01-30 18:24:59'),
(71, 68, 1520, '2025-02-02 11:03:53'),
(72, 69, 840, '2025-02-02 11:30:34'),
(73, 70, 210, '2025-02-05 10:23:29'),
(74, 71, 210, '2025-02-05 10:36:08'),
(75, 73, 450, '2025-02-08 07:44:08'),
(76, 77, 34310, '2025-02-12 00:34:06'),
(77, 74, 800, '2025-02-08 07:45:49'),
(78, 75, 3720, '2025-02-11 21:24:33'),
(79, 76, 1080, '2025-02-11 23:29:18'),
(80, 78, 3840, '2025-02-12 09:14:51'),
(81, 82, 4400, '2025-03-26 02:20:10'),
(82, 83, 7000, '2025-04-04 22:29:10'),
(83, 84, 3785, '2025-04-04 22:31:52'),
(84, 85, 2000, '2025-04-05 00:12:52'),
(88, 86, 4855, '2025-04-05 12:21:38'),
(89, 87, 200, '2025-04-05 14:16:18'),
(90, 88, 105, '2025-04-05 14:30:10'),
(91, 89, 100, '2025-04-05 14:38:24'),
(93, 90, 285, '2025-04-05 14:41:36'),
(94, 91, 270, '2025-04-05 14:45:30'),
(95, 96, 74075, '2025-04-05 15:19:59'),
(96, 98, 15570, '2025-04-05 22:12:02'),
(97, 97, 5400, '2025-04-05 22:08:48'),
(98, 99, 3800, '2025-04-05 22:24:20'),
(99, 100, 27000, '2025-04-05 22:28:23'),
(101, 102, 3500, '2025-04-11 18:00:41'),
(104, 103, 855, '2025-04-11 18:25:19'),
(105, 104, 5115, '2025-04-12 00:33:26'),
(106, 108, 13500, '2025-04-12 22:13:28'),
(107, 106, 225, '2025-04-12 21:58:13'),
(108, 107, 3600, '2025-04-12 22:12:50'),
(109, 109, 2375, '2025-04-12 22:29:45'),
(110, 110, 1150, '2025-04-12 22:40:55'),
(111, 111, 1350, '2025-04-17 21:00:19'),
(112, 112, 2430, '2025-04-18 00:42:41'),
(113, 113, 4270, '2025-04-18 00:48:26'),
(114, 114, 15000, '2025-04-18 17:56:01'),
(115, 115, 9030, '2025-04-20 14:32:30'),
(116, 116, 59790, '2025-04-20 15:14:07'),
(117, 117, 3960, '2025-04-28 11:28:21'),
(118, 118, 1190, '2025-06-21 06:55:42'),
(119, 119, 36015, '2025-06-23 07:38:36');

-- --------------------------------------------------------

--
-- Table structure for table `orders_address`
--

CREATE TABLE `orders_address` (
  `OD_id` int(11) NOT NULL,
  `Client_name` varchar(50) NOT NULL,
  `Client_phone` varchar(20) NOT NULL,
  `Client_state` varchar(50) NOT NULL,
  `Client_city` varchar(50) NOT NULL,
  `Client_street` varchar(50) NOT NULL,
  `Client_neb` varchar(50) NOT NULL,
  `Billing_id` varchar(25) NOT NULL,
  `Dep_id` varchar(25) NOT NULL,
  `Type_payment_id` int(11) NOT NULL
) ENGINE=InnoDB DEFAULT CHARSET=utf8mb4 COLLATE=utf8mb4_general_ci;

--
-- Dumping data for table `orders_address`
--

INSERT INTO `orders_address` (`OD_id`, `Client_name`, `Client_phone`, `Client_state`, `Client_city`, `Client_street`, `Client_neb`, `Billing_id`, `Dep_id`, `Type_payment_id`) VALUES
(3, 'عبدالله محمد الشريف', '716415103', 'صنعاء', 'الأمانة', 'المطار', 'الخمسين', '1', '1', 1),
(4, 'اشواق الشريف', '716415103', 'صنعاء', 'الأمانة', 'القيادة', 'الكوثر', '5', '6', 1),
(5, 'خالد الشريف', '716415103', 'صنعاء', 'الأمانة', 'الحصبة', 'الكوثر', '1', '84', 1),
(6, 'اشواق الشريف', '716415103', 'صنعاء', 'الأمانة', 'المطار', 'الخمسين', '1', '16', 1),
(7, 'عبدالله محمد الشريف', '716415103', 'صنعاء', 'الأمانة', 'الجراف', 'حبل', '211', '4', 1),
(8, 'عبدالله محمد الشريف', '716415103', 'صنعاء', 'الأمانة', 'المطار', 'الخمسين', '71', '2', 1),
(9, 'عبدالله محمد الشريف', '716415103', 'صنعاء', 'الأمانة', 'المطار', '1', '1', '5', 1),
(60, 'فاطمة الشريف', '716415103', 'صنعاء', 'الأمانة', '45 شارع', 'الخمسين', '5', '5', 1),
(62, 'عبدالله محمد الشريف', '716415103', 'صنعاء', 'الأمانة', 'الحصبة', 'الكوثر', '1', '1', 1),
(65, 'عبدالله محمد الشريف', '716415103', 'صنعاء', 'الأمانة', 'خولان', 'قحيم', '1', '1', 1),
(66, 'عبدالله محمد الشريف', '716415103', 'صنعاء', 'الأمانة', 'الوحدة', 'حبل', '4', '4', 1),
(68, 'عبدالله محمد الشريف', '716415103', 'صنعاء', 'الأمانة', '45 شارع', 'اللل', '1', '1', 1),
(69, 'عبدالله محمد الشريف', '716415103', 'صنعاء', 'الأمانة', 'شملان', 'bbgb', '1', '1', 1),
(70, 'عبدالله محمد الشريف', '716415103', 'صنعاء', 'الأمانة', '45 شارع', 'الخمسين', '10', '10', 1),
(71, 'عبدالله محمد الشريف', '716415103', 'صنعاء', 'الأمانة', 'الوحدة', 'بلاد السيل', '1', '1', 1),
(73, 'عبدالله محمد الشريف', '716415103', 'صنعاء', 'الأمانة', 'المطار', 'بلاد السيل', '1', '1', 1),
(74, 'عبدالله محمد الشريف', '716415103', 'صنعاء', 'الأمانة', '45 شارع', 'الخمسين', '1', '1', 1),
(75, 'عبدالله محمد الشريف', '716415103', 'صنعاء', 'الأمانة', 'المطار', 'قحيم', '1', '1', 1),
(76, 'عبدالله محمد الشريف', '716415103', 'صنعاء', 'الأمانة', 'الحصبة', 'الخمسين', '1', '1', 1),
(77, 'عبدالله محمد الشريف', '716415103', 'صنعاء', 'الأمانة', 'شملان', 'بلاد السيل', '1', '1', 1),
(78, 'عبدالله محمد الشريف', '716415103', 'صنعاء', 'الأمانة', 'شملان', 'بلاد السيل', '1', '1', 1),
(82, 'عبدالله محمد الشريف', '716415103', 'صنعاء', 'الأمانة', 'المطار', 'بلاد السيل', '1', '1', 1),
(83, 'عبدالله محمد الشريف', '716415103', 'صنعاء', 'الأمانة', '45 شارع', 'الكوثر', '1', '1', 1),
(84, 'خالد الشريف', '788889998', 'صنعاء', 'الأمانة', 'شملان', 'الخمسين', '1', '1', 1),
(85, 'عبدالله محمد الشريف', '716415103', 'صنعاء', 'الأمانة', 'شملان', 'الخمسين', '1', '1', 1),
(86, 'عبدالله محمد الشريف', '716415103', 'صنعاء', 'الأمانة', 'الحصبة', 'الخمسين', '1', '1', 1),
(87, 'عبدالله محمد الشريف', '716415103', 'صنعاء', 'الأمانة', 'الحصبة', 'الخمسين', '1', '1', 1),
(88, 'عبدالله محمد الشريف', '716415103', 'صنعاء', 'الأمانة', 'الحصبة', 'حبل', '1', '1', 1),
(89, 'عبدالله محمد الشريف', '716415103', 'صنعاء', 'الأمانة', '45 شارع', 'قحيم', '1', '1', 1),
(90, 'عبدالله محمد الشريف', '716415103', 'صنعاء', 'الأمانة', 'القيادة', 'بلاد السيل', '1', '1', 1),
(91, 'عبدالله محمد الشريف', '716415103', 'صنعاء', 'الأمانة', 'الجامعة', 'الكوثر', '1', '1', 1),
(96, 'عبدالله محمد الشريف', '716415103', 'صنعاء', 'الأمانة', 'الحصبة', 'بلاد السيل', '1', '1', 1),
(97, 'خالد الشريف', '716415103', 'صنعاء', 'الأمانة', 'الزراعة', 'بلاد السيل', '1', '1', 1),
(98, 'جارالله الشريف', '716415103', 'صنعاء', 'الأمانة', '45 شارع', 'قحيم', '1', '1', 1),
(99, 'هشام الفقية', '716415103', 'صنعاء', 'الأمانة', 'الوحدة', 'الكوثر', '1', '1', 1),
(100, 'حمد الشريف', '716415103', 'صنعاء', 'الأمانة', 'سعوان', 'الخمسين', '1', '1', 1),
(102, 'عبدالله محمد الشريف', '716415103', 'صنعاء', 'الأمانة', 'سعوان', 'الخمسين', '1', '1', 1),
(103, 'عبدالله محمد الشريف', '716415103', 'صنعاء', 'الأمانة', 'صافر', 'الخمسين', '1', '1', 1),
(104, 'خالد الشريف', '716415103', 'صنعاء', 'الأمانة', 'المطار', 'حبل', '1', '1', 1),
(106, 'عبدالله محمد الشريف', '716415103', 'صنعاء', 'الأمانة', 'الجراف', 'بلاد السيل', '1', '1', 1),
(107, 'عبدالله محمد الشريف', '716415103', 'صنعاء', 'الأمانة', 'الحصبة', 'الكوثر', '1', '1', 1),
(108, 'جارالله الشريف', '716415103', 'صنعاء', 'الأمانة', 'شملان', 'الكوثر', '1', '1', 1),
(109, 'حمد الشريف', '716415103', 'صنعاء', 'الأمانة', 'حدة', 'الكوثر', '1', '1', 1),
(110, 'محمد الشريف', '716415103', 'صنعاء', 'الأمانة', 'القيادة', 'بلاد السيل', '1', '1', 1),
(111, 'عبدالله محمد الشريف', '716415103', 'صنعاء', 'الأمانة', 'الجراف', 'الكوثر', '1', '1', 1),
(112, 'حمد الشريف', '716415103', 'صنعاء', 'الأمانة', 'الزبيري', 'بلاد السيل', '1', '1', 1),
(113, 'هشام الفقية', '775770736', 'صنعاء', 'الأمانة', 'تعز', 'الخمسين', '1', '1', 1),
(114, 'جارالله الشريف', '738389755', 'صنعاء', 'الأمانة', 'التحرير', 'قحيم', '1', '1', 1),
(115, 'علي الشريف', '788889998', 'صنعاء', 'الأمانة', 'المذبح', 'الكمة', '1', '1', 1),
(116, 'فاطمة الشريف', '711550628', 'صنعاء', 'الأمانة', 'المطار', 'الشجرة', '1', '1', 1),
(117, 'محمد سنهوب', '774777671', 'صنعاء', 'الأمانة', 'المطار', 'السلام', '1', '1', 1),
(118, 'علي الشريف', '716415103', 'صنعاء', 'الأمانة', 'صافر', 'بلاد السيل', '1', '1', 1),
(119, 'عبدالله محمد الشريف', '716415103', 'صنعاء', 'الأمانة', 'الجراف', 'الحشحوش', '1', '1', 1);

-- --------------------------------------------------------

--
-- Table structure for table `order_items`
--

CREATE TABLE `order_items` (
  `or_items_id` int(11) NOT NULL,
  `or_id` int(11) NOT NULL,
  `P_id` int(10) NOT NULL,
  `quantity` int(10) NOT NULL,
  `price` decimal(11,2) NOT NULL
) ENGINE=InnoDB DEFAULT CHARSET=utf8mb4 COLLATE=utf8mb4_general_ci;

--
-- Dumping data for table `order_items`
--

INSERT INTO `order_items` (`or_items_id`, `or_id`, `P_id`, `quantity`, `price`) VALUES
(14, 60, 20, 4, 285.00),
(15, 60, 32, 1, 180.00),
(21, 61, 32, 1, 180.00),
(23, 62, 32, 1, 180.00),
(24, 62, 20, 1, 285.00),
(25, 63, 20, 1, 285.00),
(26, 63, 32, 4, 180.00),
(28, 64, 20, 1, 285.00),
(29, 65, 32, 1, 180.00),
(31, 67, 20, 1, 285.00),
(36, 68, 19, 3, 300.00),
(37, 68, 20, 2, 285.00),
(38, 68, 21, 4, 200.00),
(39, 68, 23, 4, 475.00),
(40, 68, 16, 3, 400.00),
(41, 68, 97, 2, 400.00),
(43, 68, 41, 3, 500.00),
(44, 68, 45, 4, 20.00),
(45, 68, 47, 2, 300.00),
(46, 69, 16, 6, 400.00),
(47, 69, 12, 4, 450.00),
(49, 70, 81, 2, 225.00),
(50, 71, 50, 2, 285.00),
(51, 71, 23, 2, 475.00),
(53, 72, 48, 8, 105.00),
(54, 73, 48, 2, 105.00),
(55, 74, 48, 2, 105.00),
(56, 75, 81, 2, 225.00),
(57, 76, 20, 3, 285.00),
(59, 76, 48, 1, 105.00),
(60, 76, 74, 1, 1350.00),
(61, 76, 84, 1, 4500.00),
(62, 76, 79, 6, 4500.00),
(64, 77, 16, 2, 400.00),
(65, 78, 96, 8, 160.00),
(66, 78, 20, 6, 285.00),
(67, 78, 48, 6, 105.00),
(68, 78, 63, 1, 100.00),
(72, 79, 100, 4, 270.00),
(73, 80, 100, 1, 270.00),
(74, 80, 98, 6, 595.00),
(75, 81, 71, 5, 500.00),
(76, 81, 23, 4, 475.00),
(77, 82, 123, 4, 1000.00),
(78, 82, 122, 1, 2000.00),
(79, 82, 121, 1, 1000.00),
(80, 83, 23, 1, 475.00),
(81, 83, 21, 8, 200.00),
(82, 83, 20, 6, 285.00),
(83, 84, 37, 1, 2000.00),
(87, 88, 48, 1, 105.00),
(88, 88, 115, 2, 2375.00),
(90, 89, 65, 1, 100.00),
(91, 89, 63, 1, 100.00),
(93, 90, 48, 1, 105.00),
(94, 91, 64, 1, 100.00),
(96, 93, 50, 1, 285.00),
(97, 94, 100, 1, 270.00),
(98, 95, 31, 1, 450.00),
(99, 95, 115, 31, 2375.00),
(100, 96, 74, 7, 1350.00),
(101, 96, 41, 5, 500.00),
(102, 96, 54, 5, 100.00),
(103, 96, 47, 7, 300.00),
(104, 96, 45, 51, 20.00),
(107, 97, 46, 6, 900.00),
(108, 98, 23, 8, 475.00),
(109, 99, 84, 6, 4500.00),
(117, 101, 87, 1, 1080.00),
(118, 101, 32, 4, 180.00),
(119, 101, 64, 1, 100.00),
(120, 101, 16, 4, 400.00),
(123, 104, 20, 3, 285.00),
(124, 105, 23, 8, 475.00),
(125, 105, 81, 3, 225.00),
(126, 105, 96, 4, 160.00),
(127, 106, 84, 3, 4500.00),
(128, 107, 81, 1, 225.00),
(129, 108, 74, 2, 1350.00),
(130, 108, 12, 2, 450.00),
(132, 109, 115, 1, 2375.00),
(133, 110, 48, 1, 105.00),
(134, 110, 31, 1, 450.00),
(135, 110, 98, 1, 595.00),
(136, 111, 74, 1, 1350.00),
(137, 112, 87, 1, 1080.00),
(138, 112, 118, 1, 200.00),
(139, 112, 117, 1, 150.00),
(140, 112, 116, 1, 500.00),
(141, 112, 119, 1, 500.00),
(144, 113, 20, 2, 285.00),
(145, 113, 63, 7, 100.00),
(146, 113, 62, 3, 300.00),
(147, 113, 61, 4, 100.00),
(148, 113, 64, 4, 100.00),
(149, 113, 65, 4, 100.00),
(150, 113, 66, 3, 200.00),
(151, 113, 67, 3, 100.00),
(152, 114, 35, 3, 2500.00),
(153, 114, 33, 3, 2500.00),
(154, 115, 96, 3, 160.00),
(155, 115, 74, 3, 1350.00),
(156, 115, 82, 2, 1200.00),
(157, 115, 78, 2, 1000.00),
(158, 115, 76, 2, 50.00),
(161, 116, 20, 1, 285.00),
(162, 116, 78, 2, 1000.00),
(163, 116, 21, 1, 200.00),
(164, 116, 86, 1, 600.00),
(165, 116, 85, 1, 500.00),
(166, 116, 96, 1, 160.00),
(167, 116, 79, 2, 4500.00),
(168, 116, 80, 2, 3000.00),
(169, 116, 93, 2, 1000.00),
(170, 116, 71, 4, 500.00),
(171, 116, 73, 2, 10000.00),
(172, 116, 35, 2, 2500.00),
(173, 116, 37, 1, 2000.00),
(174, 116, 34, 1, 95.00),
(175, 116, 115, 2, 2375.00),
(176, 116, 116, 3, 500.00),
(177, 116, 118, 2, 200.00),
(178, 116, 63, 3, 100.00),
(179, 116, 64, 3, 100.00),
(180, 116, 31, 3, 450.00),
(181, 116, 75, 1, 1350.00),
(182, 117, 48, 2, 105.00),
(183, 117, 82, 2, 1200.00),
(184, 117, 31, 3, 450.00),
(185, 118, 98, 2, 595.00),
(186, 119, 50, 1, 285.00),
(187, 119, 32, 1, 180.00),
(188, 119, 42, 1, 250.00),
(189, 119, 41, 1, 500.00),
(190, 119, 73, 3, 10000.00),
(191, 119, 82, 4, 1200.00);

-- --------------------------------------------------------

--
-- Table structure for table `pending_orders`
--

CREATE TABLE `pending_orders` (
  `Or_id` int(11) NOT NULL,
  `OD_id` int(11) NOT NULL,
  `Total_price` int(11) DEFAULT NULL,
  `Or_date` timestamp NOT NULL DEFAULT current_timestamp()
) ENGINE=InnoDB DEFAULT CHARSET=utf8mb4 COLLATE=utf8mb4_general_ci;

-- --------------------------------------------------------

--
-- Table structure for table `pending_orders_address`
--

CREATE TABLE `pending_orders_address` (
  `OD_id` int(11) NOT NULL,
  `Client_name` varchar(50) NOT NULL,
  `Client_phone` varchar(20) NOT NULL,
  `Client_state` varchar(50) NOT NULL,
  `Client_city` varchar(50) NOT NULL,
  `Client_street` varchar(50) NOT NULL,
  `Client_neb` varchar(50) NOT NULL,
  `Billing_id` varchar(25) NOT NULL,
  `Dep_id` varchar(25) NOT NULL,
  `Type_payment_id` int(11) NOT NULL
) ENGINE=InnoDB DEFAULT CHARSET=utf8mb4 COLLATE=utf8mb4_general_ci;

--
-- Dumping data for table `pending_orders_address`
--

INSERT INTO `pending_orders_address` (`OD_id`, `Client_name`, `Client_phone`, `Client_state`, `Client_city`, `Client_street`, `Client_neb`, `Billing_id`, `Dep_id`, `Type_payment_id`) VALUES
(53, 'عبدالله محمد الشريف', '716415103', 'صنعاء', 'الأمانة', 'المطار', 'الخمسين', '1', '1', 1),
(54, 'اشواق الشريف', '716415103', 'صنعاء', 'الأمانة', 'القيادة', 'الكوثر', '5', '6', 1),
(55, 'خالد الشريف', '716415103', 'صنعاء', 'الأمانة', 'الحصبة', 'الكوثر', '1', '84', 1),
(56, 'اشواق الشريف', '716415103', 'صنعاء', 'الأمانة', 'المطار', 'الخمسين', '1', '16', 1),
(57, 'عبدالله محمد الشريف', '716415103', 'صنعاء', 'الأمانة', 'الجراف', 'حبل', '211', '4', 1),
(58, 'عبدالله محمد الشريف', '716415103', 'صنعاء', 'الأمانة', 'المطار', 'الخمسين', '71', '2', 1),
(59, 'عبدالله محمد الشريف', '716415103', 'صنعاء', 'الأمانة', 'المطار', '1', '1', '5', 1),
(61, 'خالد الشريف', '716415103', 'صنعاء', 'الأمانة', 'المطار', 'الكوثر', '716415103', '2', 1),
(63, 'عبدالله محمد الشريف', '716415103', 'صنعاء', 'الأمانة', '45 شارع', 'بلاد السيل', '1', '1', 1),
(64, 'عبدالله محمد الشريف', '716415103', 'صنعاء', 'الأمانة', 'المطار', 'الكوثر', '11', '1', 1),
(67, 'محمد الشريف', '716415103', 'صنعاء', 'الأمانة', 'الجامعة', 'الخمسين', '7', '5', 1),
(72, 'عبدالله محمد الشريف', '716415103', 'صنعاء', 'الأمانة', 'المطار', 'الخمسين', '5', '5', 1),
(79, 'هشام الفقية', '775770736', 'صنعاء', 'الأمانة', 'سعوان', 'النصر', '1', '1', 1),
(80, 'عبدالله محمد الشريف', '716415103', 'صنعاء', 'الأمانة', 'المطار', 'بلاد السيل', '1', '1', 1),
(81, 'عبدالله محمد الشريف', '716415103', 'صنعاء', 'الأمانة', 'المطار', 'قحيم', '1', '1', 1),
(105, 'عبدالله محمد الشريف', '716415103', 'صنعاء', 'الأمانة', 'شملان', 'الخمسين', '1', '1', 1);

-- --------------------------------------------------------

--
-- Table structure for table `pending_order_items`
--

CREATE TABLE `pending_order_items` (
  `or_items_id` int(11) NOT NULL,
  `P_id` int(11) NOT NULL,
  `or_id` int(11) NOT NULL,
  `quantity` int(11) DEFAULT NULL,
  `price` decimal(11,2) DEFAULT NULL
) ENGINE=InnoDB DEFAULT CHARSET=utf8mb4 COLLATE=utf8mb4_general_ci;

-- --------------------------------------------------------

--
-- Table structure for table `prefer_products`
--

CREATE TABLE `prefer_products` (
  `PP_id` int(11) NOT NULL,
  `User_id` int(11) NOT NULL,
  `P_id` int(11) NOT NULL
) ENGINE=InnoDB DEFAULT CHARSET=utf8mb4 COLLATE=utf8mb4_general_ci;

-- --------------------------------------------------------

--
-- Table structure for table `products`
--

CREATE TABLE `products` (
  `P_id` int(11) NOT NULL,
  `P_name` varchar(100) NOT NULL,
  `P_old_price` int(11) DEFAULT NULL,
  `P_new_price` int(11) NOT NULL,
  `P_quantity` int(10) NOT NULL,
  `discount` int(11) DEFAULT NULL,
  `p_unit_id` int(11) NOT NULL,
  `p_description` varchar(255) NOT NULL,
  `p_weight` varchar(100) NOT NULL,
  `Section_id` int(11) NOT NULL
) ENGINE=InnoDB DEFAULT CHARSET=utf8mb4 COLLATE=utf8mb4_general_ci;

--
-- Dumping data for table `products`
--

INSERT INTO `products` (`P_id`, `P_name`, `P_old_price`, `P_new_price`, `P_quantity`, `discount`, `p_unit_id`, `p_description`, `p_weight`, `Section_id`) VALUES
(12, 'برتقتال', 500, 450, 7, 10, 1, 'برتقال طبيعي لذيذ', '150 جرام', 6),
(16, 'مانجو', 500, 400, 9, 20, 1, '', '', 6),
(19, 'بزالياء الهناء', 300, 300, 9, 0, 6, '', '', 15),
(20, 'حليب الممتاز', 300, 285, 3, 5, 6, '', '', 15),
(21, 'تونة راقي', 200, 200, 8, 0, 6, '', '', 15),
(23, 'شطة جلوريا كبير', 500, 475, 100, 5, 12, 'شطة حارة ', '405 جرام', 15),
(31, 'شاي الكبوس كبير', 500, 450, 2, 10, 3, '', '', 15),
(32, 'قشطة المثالي', 200, 180, 8, 10, 6, '', '', 15),
(33, 'حفايض برنس', 2500, 2500, 6, 0, 2, '', '', 17),
(34, 'بسكويت مايلانا', 100, 95, 8, 5, 2, '', '', 17),
(35, 'حفايض بيبي جوي رقم2', 2500, 2500, 4, 0, 2, '', '', 17),
(37, 'نيدو مينلاك', 2000, 2000, 8, 0, 6, '', '', 17),
(38, 'شبيسة اطفال', 1000, 1000, 9, 0, 2, '', '', 17),
(39, 'حفايض لفي بيبي', 1500, 1500, 9, 0, 2, '', '', 17),
(40, 'بصل احمر', 300, 300, 9, 0, 1, '', '', 16),
(41, 'بطاط', 500, 500, 8, 0, 1, '', '', 16),
(42, 'بصل ابيض', 250, 250, 8, 0, 1, '', '', 16),
(43, 'ثم مقشر', 1000, 1000, 9, 0, 1, '', '', 16),
(44, 'ليمون', 500, 500, 9, 0, 1, '', '', 16),
(45, 'بيعة', 20, 20, 9, 0, 7, '', '', 16),
(46, 'خيار', 1000, 900, 9, 10, 10, '', '', 16),
(47, 'فلفل اصفر', 300, 300, 9, 0, 1, '', '', 16),
(48, 'طماط', 150, 105, 6, 30, 1, '', '', 16),
(49, 'فلفل اخضر', 500, 500, 9, 0, 1, '', '', 16),
(50, 'شمندر', 300, 285, 8, 5, 1, '', '', 16),
(51, 'جزر', 200, 200, 9, 0, 10, '', '', 16),
(52, 'نعنع مقطوف', 500, 500, 9, 0, 1, '', '', 16),
(53, 'ملفوف', 400, 400, 9, 0, 3, '', '', 16),
(54, 'بصل اخضر', 100, 100, 9, 0, 7, '', '', 16),
(55, 'فلفل احمر', 200, 200, 9, 0, 1, '', '', 16),
(56, 'قشم', 200, 200, 9, 0, 7, '', '', 16),
(59, 'جرجير', 100, 100, 9, 0, 7, '', '', 16),
(60, 'خس', 100, 100, 9, 0, 7, '', '', 16),
(61, 'مياة حدة', 100, 100, 5, 0, 12, '', '', 18),
(62, 'زنجبيل بريطاني', 300, 300, 6, 0, 12, '', '', 18),
(63, 'دلسي احمر صغير', 100, 100, 0, 0, 12, 'دلسي احمر صغير', '150 جرام', 18),
(64, 'صحة شملان', 100, 100, 2, 0, 12, '', '', 18),
(65, 'دلسي اخضر صغير', 100, 100, 5, 0, 12, '', '', 18),
(66, 'قوة جبل', 200, 200, 6, 0, 12, '', '', 18),
(67, 'مياة الجنوب', 100, 100, 6, 0, 12, '', '', 18),
(69, 'حليب بقري', 250, 250, 9, 0, 6, '', '', 15),
(70, 'حليب المدارس', 100, 100, 9, 0, 6, '', '', 15),
(71, 'زيت اريج', 500, 500, 5, 0, 14, '', '', 15),
(72, 'حليب النقاء', 100, 100, 9, 0, 14, '', '', 15),
(73, ' دقيق السنابل', 10000, 10000, 4, 0, 13, '', '', 15),
(74, 'عصير تانح مانجو', 1500, 1350, 3, 10, 12, '', '', 15),
(75, 'عصير تانج برتقال', 1500, 1350, 8, 10, 12, '', '', 15),
(76, 'ععلك فراولة', 50, 50, 7, 0, 11, '', '', 15),
(77, 'حليب بيبي', 200, 200, 9, 0, 6, '', '', 15),
(78, 'عسل الغابة السوداء', 1000, 1000, 16, 0, 1, 'عسل فاخر', '1000جرام', 15),
(79, 'ارز الفخامة', 5000, 4500, 7, 10, 15, '', '', 15),
(80, 'سكر السعيدة', 3000, 3000, 7, 0, 15, '', '', 15),
(81, 'تونة شاهين', 250, 225, 5, 10, 3, '', '', 15),
(82, 'دجاج سدايا يدون احشا', 1200, 1200, 1, 0, 3, '', '', 15),
(83, 'عسل صناعي روزان', 1200, 1200, 9, 0, 6, '', '', 15),
(84, 'رز الربان', 5000, 4500, 6, 10, 15, '', '', 15),
(85, 'خوخ جالينا', 500, 500, 8, 0, 6, '', '', 15),
(86, 'اناناس روزان', 600, 600, 8, 0, 6, '', '', 15),
(87, 'سمن البنت بنكهة الحلبة', 1200, 1080, 8, 10, 6, '', '', 15),
(88, 'بسكويت ماري', 200, 200, 9, 0, 11, '', '', 15),
(91, 'شطة جلوريا صغير', 150, 150, 9, 0, 14, '', '', 15),
(93, 'سمن القمرية', 1000, 1000, 7, 0, 6, '', '', 15),
(95, 'مكرونة الفخامة', 150, 150, 9, 0, 10, '', '', 15),
(96, 'بسكويت ابو ولد', 200, 160, 1, 20, 11, '', '', 15),
(97, 'تفاح', 400, 400, 9, 0, 1, '', '', 6),
(98, 'اناناس', 700, 595, 6, 15, 3, '', '', 6),
(99, 'تفاح اخضر', 500, 500, 9, 0, 1, 'تفاح أخضر طازج', '1 كيلو', 6),
(100, 'موز', 300, 270, 9, 10, 1, '', '', 6),
(102, 'برتقال', 400, 400, 9, 0, 1, '', '', 6),
(115, 'صابون كيرستال كبير', 2500, 2375, 6, 5, 13, '', '', 24),
(116, 'فاين سوفتي', 500, 500, 5, 0, 11, '', '', 24),
(117, 'صابون كيرستال صغير', 150, 150, 8, 0, 11, '', '', 24),
(118, 'غسيل رهف', 200, 200, 6, 0, 6, '', '', 24),
(119, 'مناديل البرنس', 500, 500, 8, 0, 10, '', '', 24),
(121, 'زنجبيل أخضر', 1000, 1000, 9, 0, 1, '', '', 25),
(122, 'مسحوق الكركم', 2000, 2000, 10, 0, 1, 'مسحوق ممتاز وحار', '120', 25),
(123, 'فلفل', 1000, 900, 14, 10, 1, 'مسحوق ممتاز وحار', '88 جرام', 25);

-- --------------------------------------------------------

--
-- Table structure for table `product_images`
--

CREATE TABLE `product_images` (
  `image_id` int(10) NOT NULL,
  `P_id` int(10) DEFAULT NULL,
  `P_img` varchar(255) NOT NULL
) ENGINE=InnoDB DEFAULT CHARSET=utf8mb4 COLLATE=utf8mb4_general_ci;

--
-- Dumping data for table `product_images`
--

INSERT INTO `product_images` (`image_id`, `P_id`, `P_img`) VALUES
(1, 12, '325159_برتقال.jpg'),
(2, 16, '740822_مانجة.jpg'),
(3, 19, '42272_بزاليا الهناء.png'),
(4, 20, '295040_حليب الممتاز.png'),
(5, 21, '88317_تونة الراقي.jpg'),
(6, 23, '925241_شطة جلوريا كبير.jpg'),
(7, 31, '89074_شاي الكبوس كبير.webp'),
(8, 32, '816866_قشطة المثالي.webp'),
(9, 33, '271217_حفايض برنس.png'),
(10, 34, '778307_بسكويت الاطفال مايلانا.png'),
(11, 35, '627477_حفايض بيبي جوي رقم 2.png'),
(13, 37, '845639_نيدون مينلاك.png'),
(14, 38, '984463_شبيسة الاطفال.png'),
(15, 39, '241666_حفايض لفي بيبي.png'),
(16, 40, '284433_٢٠٢٥٠١٢٢١٠٢٣١٩٤٠.jpg'),
(17, 41, '703646_بطاط.png'),
(18, 42, '70955_بصل ابيض.jpg'),
(19, 43, '80721_ثوم مقشر.jpg'),
(20, 44, '590695_ليمون.jpg'),
(21, 45, '57939_بيعة.png'),
(22, 46, '629606_خيا.png'),
(23, 47, '263362_فلفل اصفر.jpg'),
(24, 48, '111812_طماط.jpg'),
(25, 49, '653461_فلفل احضر.png'),
(26, 50, '198941_شمندر.jpg'),
(27, 51, '568177_جزر.png'),
(28, 52, '329797_نعنع.png'),
(29, 53, '905291_٢٠٢٥٠١٢٢١٠٢٢٢٣٢٥.jpg'),
(30, 54, '302768_بصل اخضر.jpg'),
(31, 55, '884476_فلفل احمر.png'),
(32, 56, '474044_قشم.png'),
(33, 59, '754885_جريجر.png'),
(34, 60, '769655_خس.png'),
(35, 61, '726601_مياة حدة.PNG'),
(36, 62, '270199_زنجبيل بريطاني.png'),
(37, 63, '825969_دلسي رمان.png'),
(38, 64, '482321_مياة شملان.jpg'),
(39, 65, '60171_دلسي تفاح.PNG'),
(40, 66, '518764_قوة جبل.png'),
(41, 67, '490955_مياة الجنوب.PNG'),
(42, 69, '669613_حليب البقري.PNG'),
(43, 70, '586311_حليب المدارس.PNG'),
(44, 71, '632033_زيت اريج.jpg'),
(45, 72, '358907_حليب النقاء.jpg'),
(46, 73, '127317_كيس دقيق السنابل.PNG'),
(47, 74, '370694_عصير تانح مانجو.jpg'),
(48, 75, '828426_عصير تانج برتقال.jpg'),
(49, 76, '310472_ععلك فراولة.PNG'),
(50, 77, '693950_حليب بيبي.webp'),
(51, 78, '97278_عسل الغابة السوداء.png'),
(52, 79, '43561_رز الفخامة.jpg'),
(53, 80, '413472_سكر السعيدة.png'),
(54, 81, '135113_تونة شاهين.PNG'),
(55, 82, '558347_دجاج سدايا يدون احشا.PNG'),
(56, 83, '667458_عسل صناعي روزان.webp'),
(57, 84, '879522_رز الربان.png'),
(58, 85, '673776_خوخ جالينا.png'),
(59, 86, '812280_اناناس روزان.webp'),
(60, 87, '954610_سمن البنتبنكهة الحلبة.png'),
(61, 88, '590326_بسكويت ماري.png'),
(63, 91, '948962_شطة جلوريا صغير.jpg'),
(64, 93, '209964_سمن القمرية.png'),
(65, 95, '592730_مكرونة الفخامة.webp'),
(66, 96, '1230_بسكويت ابو ولد.jpg'),
(67, 97, '985141_كيلو تفاح.jpg'),
(68, 98, '655525_اناناس.jpg'),
(70, 100, '757672_كيلو موز.jpg'),
(72, 102, '771041_برتقال.jpeg'),
(74, 115, '802813_صبون كيرستال.PNG'),
(75, 116, '45926_فاين سوفتي.PNG'),
(76, 117, '391989_صابون كيرستال.PNG'),
(77, 118, '203760_غسيل راهف .PNG'),
(78, 119, '685976_فاين البرنس.PNG'),
(80, 121, '949923_زنجبيل اخضر.png'),
(81, 122, '108859_كركم.jpg'),
(133, 123, '947213_فلفل احمر مسحوق.png'),
(134, 123, '537187_كركم.jpg'),
(135, 123, '395022_مسحوق الكاري.jpg'),
(139, 99, '262653_تفاح اخضر.png');

-- --------------------------------------------------------

--
-- Table structure for table `product_unit`
--

CREATE TABLE `product_unit` (
  `p_unit_id` int(11) NOT NULL,
  `product_unit` varchar(50) NOT NULL
) ENGINE=InnoDB DEFAULT CHARSET=utf8mb4 COLLATE=utf8mb4_general_ci;

--
-- Dumping data for table `product_unit`
--

INSERT INTO `product_unit` (`p_unit_id`, `product_unit`) VALUES
(1, 'كيلو'),
(2, 'كرتون'),
(3, 'حبة'),
(4, 'طبق'),
(5, 'سلة'),
(6, 'علبة'),
(7, 'حزمة'),
(8, 'نص كيلو'),
(9, 'نص كرتون'),
(10, 'شدة'),
(11, 'باكت'),
(12, 'عبوة'),
(13, 'كيس'),
(14, 'قارورة'),
(15, 'قطمة');

-- --------------------------------------------------------

--
-- Table structure for table `section`
--

CREATE TABLE `section` (
  `Section_id` int(11) NOT NULL,
  `Section_name` varchar(50) NOT NULL,
  `section_image` varchar(255) NOT NULL
) ENGINE=InnoDB DEFAULT CHARSET=utf8mb4 COLLATE=utf8mb4_general_ci;

--
-- Dumping data for table `section`
--

INSERT INTO `section` (`Section_id`, `Section_name`, `section_image`) VALUES
(6, 'فواكة', '431791_50294_529674_فواكة.png'),
(15, 'مؤاد غذائية', '901429_كيس دقيق السنابل.PNG'),
(16, 'خضروات', '567070_٢٠٢٥٠١٢٢١١٢٦٣٦٨٩.jpg'),
(17, 'الاطفال', '428242_555876_ركن الاطفال .png'),
(18, 'المياة والمشروبات', '945156_340455_مياة والمشروبات.PNG'),
(24, 'المؤاد المنزلية والتنظيف', '677623_صبون كيرستال.PNG'),
(25, 'بهارات', '365207_خلفية.jpg'),
(26, 'قسم الجملة', '602187_المؤاد الغذائية.PNG');

-- --------------------------------------------------------

--
-- Table structure for table `sessions`
--

CREATE TABLE `sessions` (
  `session_id` varchar(128) NOT NULL,
  `data` text NOT NULL,
  `last_accessed` timestamp NOT NULL DEFAULT current_timestamp() ON UPDATE current_timestamp()
) ENGINE=InnoDB DEFAULT CHARSET=utf8mb4 COLLATE=utf8mb4_general_ci;

--
-- Dumping data for table `sessions`
--

INSERT INTO `sessions` (`session_id`, `data`, `last_accessed`) VALUES
('130on5fe4fbetngehr8qsmai7p', 'user_email_session|s:22:\"abdulahw8080@gmail.com\";cart|a:2:{i:50;i:3;i:100;i:2;}', '2025-03-19 13:52:11'),
('5o2d0rf4t342u40m10gius55cf', 'user_email_session|s:22:\"abdulahw8080@gmail.com\";', '2025-03-19 00:52:26'),
('7klam9ic80586bqca2d3vr6ng5', 'user_email_session|s:22:\"abdulahw8080@gmail.com\";', '2025-03-19 14:10:36'),
('806ntoum1ml9181qg661kss3jh', 'user_email_session|s:22:\"abullahw8080@gmail.com\";', '2025-03-19 13:51:24'),
('dq0q5v3p3vca4ofpnul3bfhv74', 'user_email_session|s:22:\"abdulahw8080@gmail.com\";', '2025-03-19 13:59:17'),
('fca2rjceqdablu0l4u1ll090du', 'user_email_session|s:22:\"abullahw8080@gmail.com\";', '2025-03-19 14:02:22'),
('g08plt4iuim1bfu9iutgjp6eh9', '', '2025-03-19 14:02:45'),
('hc72q652pqgkd9aqjtj9bvbv6b', 'user_email_session|s:22:\"abdulahw8080@gmail.com\";', '2025-03-19 14:05:40'),
('i591d6can7uf52s5d85te8ien1', 'user_email_session|s:22:\"abdulahw8080@gmail.com\";', '2025-03-19 14:18:41');

-- --------------------------------------------------------

--
-- Table structure for table `type_payment`
--

CREATE TABLE `type_payment` (
  `Type_payment_id` int(11) NOT NULL,
  `Type_payment` varchar(50) NOT NULL
) ENGINE=InnoDB DEFAULT CHARSET=utf8mb4 COLLATE=utf8mb4_general_ci;

--
-- Dumping data for table `type_payment`
--

INSERT INTO `type_payment` (`Type_payment_id`, `Type_payment`) VALUES
(1, 'كاش');

-- --------------------------------------------------------

--
-- Table structure for table `type_user`
--

CREATE TABLE `type_user` (
  `Type_user_id` int(11) NOT NULL,
  `Type_use` varchar(50) NOT NULL
) ENGINE=InnoDB DEFAULT CHARSET=utf8mb4 COLLATE=utf8mb4_general_ci;

--
-- Dumping data for table `type_user`
--

INSERT INTO `type_user` (`Type_user_id`, `Type_use`) VALUES
(1, 'admin'),
(2, 'user');

-- --------------------------------------------------------

--
-- Table structure for table `users`
--

CREATE TABLE `users` (
  `User_id` int(11) NOT NULL,
  `User_name` varchar(100) NOT NULL,
  `User_email` varchar(100) NOT NULL,
  `User_phone` varchar(20) NOT NULL,
  `Type_user_id` int(11) NOT NULL,
  `Password` varchar(50) NOT NULL
) ENGINE=InnoDB DEFAULT CHARSET=utf8mb4 COLLATE=utf8mb4_general_ci;

--
-- Dumping data for table `users`
--

INSERT INTO `users` (`User_id`, `User_name`, `User_email`, `User_phone`, `Type_user_id`, `Password`) VALUES
(2, 'عبدالله محمد الشريف', 'abdullahw8080@gmail.com', '716415103', 1, 'fcea920f7412b5da7be0cf42b8c93759'),
(3, 'علي الشريف', 'Ali@gmail.com', '788889998', 2, '202cb962ac59075b964b07152d234b70'),
(6, 'علي الشريف', 'abdullahw80@gmail.com', '44444444445', 1, 'fcea920f7412b5da7be0cf42b8c93759'),
(7, 'عبدالله محمد عبدالرحمن  الشريف', 'abdllahw8080@gmail.com', '777789898', 1, 'f1c1592588411002af340cbaedd6fc33'),
(9, 'عبدالله محمد عبدالرحمن  الشريف', 'abdulahw8080@gmail.com', '788889977', 2, 'fcea920f7412b5da7be0cf42b8c93759'),
(10, 'عبدالله محمد عبدالرحمن  الشريف', 'abullahw8080@gmail.com', '716415101', 2, 'fcea920f7412b5da7be0cf42b8c93759'),
(11, 'عبدالله محمد عبدالرحمن  الشريف', 'abdullah080@gmail.com', '716415110', 2, 'fcea920f7412b5da7be0cf42b8c93759'),
(12, 'عبدالله محمد عبدالرحمن  الشريف', 'abdullah@gmail.com', '716415100', 2, 'fcea920f7412b5da7be0cf42b8c93759'),
(14, 'عبدالله محمد عبدالرحمن  الشريف', 'abahw8080@gmail.com', '716665558', 1, 'fcea920f7412b5da7be0cf42b8c93759'),
(15, 'عبدالله محمد عبدالرحمن  الشريف', 'ab2ullahw8080@gmail.com', '7164444445', 2, 'fcea920f7412b5da7be0cf42b8c93759'),
(16, 'محمد الشريف', 'aMdullahw8080@gmail.com', '744488998', 1, 'fcea920f7412b5da7be0cf42b8c93759'),
(17, 'فاطمة راكان', 'fatma@gmail.com', '711550628', 1, 'fcea920f7412b5da7be0cf42b8c93759'),
(18, 'عبدالله محمد عبدالرحمن الشريف', 'abhw8080@gmail.com', '716455457', 1, 'fcea920f7412b5da7be0cf42b8c93759'),
(21, 'عبدالله محمد عبدالرحمن الشريف', 'bXdullahw8080@gmail.com', '716415102', 1, '9a652e520408813e3cc62257ae236a6f'),
(23, 'علي صالح علي الوهاشي', 'mraslharb.y77@gmail.com', '738389755', 2, 'ba122ba1dad85884870aa30f024ba45d'),
(24, 'هشام الفقية', 'alfaqihhisham24@gmail.com', '775770736', 1, '93185e3391450ed4e75f3edeea34ecbf'),
(25, 'محمد سنهوب', 'mohammdew8080@gmail.com', '774777671', 1, 'fcea920f7412b5da7be0cf42b8c93759');

-- --------------------------------------------------------

--
-- Table structure for table `user_comments`
--

CREATE TABLE `user_comments` (
  `Co_id` int(11) NOT NULL,
  `comment` varchar(255) NOT NULL,
  `user_id` int(5) NOT NULL,
  `comment_date` timestamp NOT NULL DEFAULT current_timestamp()
) ENGINE=InnoDB DEFAULT CHARSET=utf8mb4 COLLATE=utf8mb4_general_ci;

--
-- Dumping data for table `user_comments`
--

INSERT INTO `user_comments` (`Co_id`, `comment`, `user_id`, `comment_date`) VALUES
(1, ' bbb vvv', 2, '2025-01-21 19:29:54'),
(2, ' ؤؤؤ ررر ', 2, '2025-01-21 19:29:54'),
(3, ' بسم الله', 2, '2025-01-21 19:29:54'),
(4, ' السلام عليكم ورحمة الله ،\r\nأود أن أعبر لكم عن خالص شكري وامتناني على جهودكم المباركة التي تبذلونها لخدمة المجتمع. إن تفانيكم في تقديم أفضل المنتجات.', 3, '2025-01-21 19:29:54'),
(5, ' مرحبا \r\n', 2, '2025-01-21 19:29:54'),
(6, ' شكرا لكم \r\n', 2, '2025-01-21 19:29:54'),
(7, ' شكرا لكم ', 2, '2025-01-21 19:29:54'),
(8, ' شكرا لكم ', 2, '2025-01-21 19:29:54'),
(9, ' شكرا لكم ', 2, '2025-01-21 19:29:54'),
(10, '  alert (\"حدث خطا في عملية الارسال\");', 2, '2025-01-21 19:29:54'),
(11, ' ررررر', 2, '2025-01-21 19:29:54'),
(12, ' مرحبا', 2, '2025-01-21 19:29:54'),
(13, ' مرحبا', 2, '2025-01-21 19:29:54'),
(14, ' مرحبا', 6, '2025-01-21 19:29:54'),
(20, ' ممتاز', 2, '2025-01-21 19:29:54'),
(21, ' مرحبا', 2, '2025-01-21 19:29:54'),
(22, ' عمل ممتاز', 2, '2025-01-21 19:29:54'),
(23, ' حلوووو', 2, '2025-01-21 19:29:54'),
(24, ' بسم الله الرحمن الرحيم', 2, '2025-01-21 19:30:41'),
(25, ' مرحبا', 2, '2025-01-25 09:11:24'),
(26, ' مرحبا', 2, '2025-01-25 09:14:11'),
(27, ' جيد', 2, '2025-01-25 09:20:36'),
(28, ' جيد', 2, '2025-01-25 09:24:08'),
(29, ' جيد', 2, '2025-01-25 09:26:02'),
(30, ' ممتاز', 2, '2025-01-25 09:26:36'),
(31, ' مرحبا', 2, '2025-01-25 09:30:05'),
(32, ' تم', 2, '2025-01-25 13:37:04'),
(33, ' تم', 2, '2025-01-25 13:38:28'),
(34, ' تم', 2, '2025-01-25 13:39:10'),
(35, ' تم', 2, '2025-01-25 13:39:23'),
(36, ' تم', 2, '2025-01-25 13:42:09'),
(37, ' تم', 2, '2025-01-25 13:45:36'),
(38, ' تم', 2, '2025-01-25 13:45:53'),
(39, ' تم', 2, '2025-01-25 13:46:30'),
(40, ' تم', 2, '2025-01-25 13:46:44'),
(41, ' تم', 2, '2025-01-25 13:47:24'),
(42, ' تم', 2, '2025-01-25 13:47:36'),
(43, ' تمم', 2, '2025-01-25 13:58:07'),
(44, ' تمم', 2, '2025-01-25 14:01:12'),
(45, ' الحمد لله', 2, '2025-01-25 14:01:32'),
(46, ' الحمد لله', 2, '2025-01-25 14:03:12'),
(47, ' الحمد لله', 2, '2025-01-25 14:03:34'),
(48, ' مساء الخير', 2, '2025-01-25 17:19:11'),
(49, ' بسم الله', 2, '2025-01-26 14:30:18'),
(50, ' بسم الله', 2, '2025-01-26 14:30:55'),
(51, ' بسم الله', 2, '2025-01-26 14:34:02'),
(52, ' تم', 2, '2025-01-26 14:41:38'),
(53, ' تم', 2, '2025-01-26 15:09:17'),
(56, ' بسم الله', 2, '2025-01-28 13:21:26'),
(59, 'سلام', 2, '2025-01-28 13:30:11'),
(60, 'سلام', 2, '2025-01-28 13:32:57'),
(61, ' بسم الله', 2, '2025-01-28 13:37:20'),
(62, ' بسم الله', 2, '2025-01-29 21:23:48'),
(63, ' بسم الله الرحمن الرحيم', 23, '2025-01-30 14:51:31'),
(64, ' مرحبا', 2, '2025-02-05 07:52:26'),
(65, ' ممتاز جدااااا', 23, '2025-02-05 07:53:31'),
(69, ' غفعغع', 2, '2025-02-13 09:54:15'),
(70, ' مرحبا ممتاز', 2, '2025-04-28 08:32:04');

--
-- Indexes for dumped tables
--

--
-- Indexes for table `orders`
--
ALTER TABLE `orders`
  ADD PRIMARY KEY (`Or_id`),
  ADD KEY `OD_id` (`OD_id`);

--
-- Indexes for table `orders_address`
--
ALTER TABLE `orders_address`
  ADD PRIMARY KEY (`OD_id`),
  ADD KEY `Type_payment_id` (`Type_payment_id`),
  ADD KEY `Client_phone` (`Client_phone`);

--
-- Indexes for table `order_items`
--
ALTER TABLE `order_items`
  ADD PRIMARY KEY (`or_items_id`),
  ADD KEY `p_id` (`P_id`),
  ADD KEY `order_items_ibfk_2` (`or_id`);

--
-- Indexes for table `pending_orders`
--
ALTER TABLE `pending_orders`
  ADD PRIMARY KEY (`Or_id`),
  ADD KEY `OD_id` (`OD_id`);

--
-- Indexes for table `pending_orders_address`
--
ALTER TABLE `pending_orders_address`
  ADD PRIMARY KEY (`OD_id`),
  ADD KEY `Client_phone` (`Client_phone`),
  ADD KEY `Type_payment_id` (`Type_payment_id`);

--
-- Indexes for table `pending_order_items`
--
ALTER TABLE `pending_order_items`
  ADD PRIMARY KEY (`or_items_id`),
  ADD KEY `P_id` (`P_id`),
  ADD KEY `pending_order_items_ibfk_2` (`or_id`);

--
-- Indexes for table `prefer_products`
--
ALTER TABLE `prefer_products`
  ADD PRIMARY KEY (`PP_id`),
  ADD KEY `user_id` (`User_id`),
  ADD KEY `P_id` (`P_id`);

--
-- Indexes for table `products`
--
ALTER TABLE `products`
  ADD PRIMARY KEY (`P_id`),
  ADD UNIQUE KEY `P_name` (`P_name`),
  ADD KEY `products_ibfk_1` (`p_unit_id`),
  ADD KEY `products_ibfk_2` (`Section_id`);

--
-- Indexes for table `product_images`
--
ALTER TABLE `product_images`
  ADD PRIMARY KEY (`image_id`),
  ADD KEY `product_images_ibfk_1` (`P_id`);

--
-- Indexes for table `product_unit`
--
ALTER TABLE `product_unit`
  ADD PRIMARY KEY (`p_unit_id`);

--
-- Indexes for table `section`
--
ALTER TABLE `section`
  ADD PRIMARY KEY (`Section_id`),
  ADD UNIQUE KEY `Section_name` (`Section_name`);

--
-- Indexes for table `sessions`
--
ALTER TABLE `sessions`
  ADD PRIMARY KEY (`session_id`);

--
-- Indexes for table `type_payment`
--
ALTER TABLE `type_payment`
  ADD PRIMARY KEY (`Type_payment_id`);

--
-- Indexes for table `type_user`
--
ALTER TABLE `type_user`
  ADD PRIMARY KEY (`Type_user_id`);

--
-- Indexes for table `users`
--
ALTER TABLE `users`
  ADD PRIMARY KEY (`User_id`),
  ADD UNIQUE KEY `User_email` (`User_email`),
  ADD UNIQUE KEY `User_phone` (`User_phone`),
  ADD KEY `Type_user_id` (`Type_user_id`);

--
-- Indexes for table `user_comments`
--
ALTER TABLE `user_comments`
  ADD PRIMARY KEY (`Co_id`),
  ADD KEY `user_id` (`user_id`);

--
-- AUTO_INCREMENT for dumped tables
--

--
-- AUTO_INCREMENT for table `orders`
--
ALTER TABLE `orders`
  MODIFY `Or_id` int(11) NOT NULL AUTO_INCREMENT, AUTO_INCREMENT=120;

--
-- AUTO_INCREMENT for table `orders_address`
--
ALTER TABLE `orders_address`
  MODIFY `OD_id` int(11) NOT NULL AUTO_INCREMENT, AUTO_INCREMENT=120;

--
-- AUTO_INCREMENT for table `order_items`
--
ALTER TABLE `order_items`
  MODIFY `or_items_id` int(11) NOT NULL AUTO_INCREMENT, AUTO_INCREMENT=192;

--
-- AUTO_INCREMENT for table `pending_orders`
--
ALTER TABLE `pending_orders`
  MODIFY `Or_id` int(11) NOT NULL AUTO_INCREMENT, AUTO_INCREMENT=109;

--
-- AUTO_INCREMENT for table `pending_orders_address`
--
ALTER TABLE `pending_orders_address`
  MODIFY `OD_id` int(11) NOT NULL AUTO_INCREMENT, AUTO_INCREMENT=120;

--
-- AUTO_INCREMENT for table `pending_order_items`
--
ALTER TABLE `pending_order_items`
  MODIFY `or_items_id` int(11) NOT NULL AUTO_INCREMENT, AUTO_INCREMENT=230;

--
-- AUTO_INCREMENT for table `prefer_products`
--
ALTER TABLE `prefer_products`
  MODIFY `PP_id` int(11) NOT NULL AUTO_INCREMENT;

--
-- AUTO_INCREMENT for table `products`
--
ALTER TABLE `products`
  MODIFY `P_id` int(11) NOT NULL AUTO_INCREMENT, AUTO_INCREMENT=150;

--
-- AUTO_INCREMENT for table `product_images`
--
ALTER TABLE `product_images`
  MODIFY `image_id` int(10) NOT NULL AUTO_INCREMENT, AUTO_INCREMENT=141;

--
-- AUTO_INCREMENT for table `product_unit`
--
ALTER TABLE `product_unit`
  MODIFY `p_unit_id` int(11) NOT NULL AUTO_INCREMENT, AUTO_INCREMENT=16;

--
-- AUTO_INCREMENT for table `section`
--
ALTER TABLE `section`
  MODIFY `Section_id` int(11) NOT NULL AUTO_INCREMENT, AUTO_INCREMENT=29;

--
-- AUTO_INCREMENT for table `type_payment`
--
ALTER TABLE `type_payment`
  MODIFY `Type_payment_id` int(11) NOT NULL AUTO_INCREMENT, AUTO_INCREMENT=3;

--
-- AUTO_INCREMENT for table `type_user`
--
ALTER TABLE `type_user`
  MODIFY `Type_user_id` int(11) NOT NULL AUTO_INCREMENT, AUTO_INCREMENT=3;

--
-- AUTO_INCREMENT for table `users`
--
ALTER TABLE `users`
  MODIFY `User_id` int(11) NOT NULL AUTO_INCREMENT, AUTO_INCREMENT=26;

--
-- AUTO_INCREMENT for table `user_comments`
--
ALTER TABLE `user_comments`
  MODIFY `Co_id` int(11) NOT NULL AUTO_INCREMENT, AUTO_INCREMENT=71;

--
-- Constraints for dumped tables
--

--
-- Constraints for table `orders`
--
ALTER TABLE `orders`
  ADD CONSTRAINT `orders_ibfk_2` FOREIGN KEY (`OD_id`) REFERENCES `orders_address` (`OD_id`) ON DELETE CASCADE;

--
-- Constraints for table `orders_address`
--
ALTER TABLE `orders_address`
  ADD CONSTRAINT `orders_address_ibfk_1` FOREIGN KEY (`Type_payment_id`) REFERENCES `type_payment` (`Type_payment_id`) ON DELETE CASCADE,
  ADD CONSTRAINT `orders_address_ibfk_2` FOREIGN KEY (`Client_phone`) REFERENCES `users` (`User_phone`) ON DELETE CASCADE;

--
-- Constraints for table `order_items`
--
ALTER TABLE `order_items`
  ADD CONSTRAINT `order_items_ibfk_1` FOREIGN KEY (`p_id`) REFERENCES `products` (`P_id`) ON DELETE CASCADE ON UPDATE CASCADE,
  ADD CONSTRAINT `order_items_ibfk_2` FOREIGN KEY (`or_id`) REFERENCES `orders` (`Or_id`) ON DELETE CASCADE;

--
-- Constraints for table `pending_orders`
--
ALTER TABLE `pending_orders`
  ADD CONSTRAINT `pending_orders_ibfk_1` FOREIGN KEY (`OD_id`) REFERENCES `pending_orders_address` (`OD_id`) ON DELETE CASCADE;

--
-- Constraints for table `pending_orders_address`
--
ALTER TABLE `pending_orders_address`
  ADD CONSTRAINT `pending_orders_address_ibfk_1` FOREIGN KEY (`Client_phone`) REFERENCES `users` (`User_phone`) ON DELETE CASCADE,
  ADD CONSTRAINT `pending_orders_address_ibfk_2` FOREIGN KEY (`Type_payment_id`) REFERENCES `type_payment` (`Type_payment_id`) ON DELETE CASCADE;

--
-- Constraints for table `pending_order_items`
--
ALTER TABLE `pending_order_items`
  ADD CONSTRAINT `pending_order_items_ibfk_1` FOREIGN KEY (`P_id`) REFERENCES `products` (`P_id`) ON DELETE CASCADE;

--
-- Constraints for table `prefer_products`
--
ALTER TABLE `prefer_products`
  ADD CONSTRAINT `prefer_products_ibfk_1` FOREIGN KEY (`user_id`) REFERENCES `users` (`User_id`) ON DELETE CASCADE ON UPDATE CASCADE,
  ADD CONSTRAINT `prefer_products_ibfk_2` FOREIGN KEY (`P_id`) REFERENCES `products` (`P_id`);

--
-- Constraints for table `products`
--
ALTER TABLE `products`
  ADD CONSTRAINT `products_ibfk_1` FOREIGN KEY (`p_unit_id`) REFERENCES `product_unit` (`p_unit_id`) ON DELETE CASCADE ON UPDATE CASCADE,
  ADD CONSTRAINT `products_ibfk_2` FOREIGN KEY (`Section_id`) REFERENCES `section` (`Section_id`) ON DELETE CASCADE ON UPDATE CASCADE;

--
-- Constraints for table `product_images`
--
ALTER TABLE `product_images`
  ADD CONSTRAINT `product_images_ibfk_1` FOREIGN KEY (`P_id`) REFERENCES `products` (`P_id`) ON DELETE CASCADE ON UPDATE CASCADE;

--
-- Constraints for table `users`
--
ALTER TABLE `users`
  ADD CONSTRAINT `users_ibfk_1` FOREIGN KEY (`Type_user_id`) REFERENCES `type_user` (`Type_user_id`) ON DELETE CASCADE ON UPDATE CASCADE;

--
-- Constraints for table `user_comments`
--
ALTER TABLE `user_comments`
  ADD CONSTRAINT `user_comments_ibfk_1` FOREIGN KEY (`user_id`) REFERENCES `users` (`User_id`) ON DELETE CASCADE ON UPDATE CASCADE;
COMMIT;

/*!40101 SET CHARACTER_SET_CLIENT=@OLD_CHARACTER_SET_CLIENT */;
/*!40101 SET CHARACTER_SET_RESULTS=@OLD_CHARACTER_SET_RESULTS */;
/*!40101 SET COLLATION_CONNECTION=@OLD_COLLATION_CONNECTION */;
